,f1,roc-auc,accuracy,embeddings
0,0.28676295280456543,0.6888899803161621,0.8619565963745117,svd
1,0.30933624505996704,0.7377991676330566,0.8632538318634033,neural
