,f1,roc-auc,accuracy,embeddings
0,0.2303168624639511,0.6568811535835266,0.8698343634605408,svd
1,0.30011317133903503,0.7247101068496704,0.8255996704101562,neural
