,f1,roc-auc,accuracy,embeddings
0,0.19278797507286072,0.6251888871192932,0.24821622669696808,svd
1,0.3172014057636261,0.7373286485671997,0.8497322201728821,neural
