,f1,roc-auc,accuracy,embeddings
0,0.2933884263038635,0.7362678050994873,0.8616397380828857,svd
1,0.30687782168388367,0.734139084815979,0.7677657008171082,neural
