,f1,roc-auc,accuracy,embeddings
0,0.33313068747520447,0.7445813417434692,0.8805140852928162,neural
1,0.3216301500797272,0.7505181431770325,0.8896634578704834,svd
