,f1,roc-auc,accuracy,embeddings
0,0.3189567029476166,0.7501835823059082,0.8756749033927917,neural
1,0.33439701795578003,0.7530032396316528,0.8279832601547241,svd
