,f1,roc-auc,accuracy,embeddings
0,0.32350286841392517,0.7389762997627258,0.8600836992263794,neural
1,0.31394559144973755,0.7493888139724731,0.8744612336158752,svd
