,f1,roc-auc,accuracy,embeddings
0,0.24593403935432434,0.625023365020752,0.7843512296676636,svd
1,0.26961609721183777,0.6893941760063171,0.7866261005401611,neural
