,f1,roc-auc,accuracy,embeddings
0,0.2411176562309265,0.6896426677703857,0.8425605893135071,svd
1,0.2644057273864746,0.6885620355606079,0.7932145595550537,neural
