,f1,roc-auc,accuracy,embeddings
0,0.056655433028936386,0.4842710494995117,0.895871102809906,svd
1,0.1623835563659668,0.6156025528907776,0.7575207948684692,neural
