,f1,roc-auc,accuracy,embeddings
0,0.24059192836284637,0.626372218132019,0.769027829170227,svd
1,0.27476266026496887,0.6845482587814331,0.758625328540802,neural
