,f1,roc-auc,accuracy,embeddings
0,0.19776448607444763,0.6526899337768555,0.2600274384021759,svd
