,f1,roc-auc,accuracy,embeddings
0,0.2006726711988449,0.6502835750579834,0.26173314452171326,svd
