,f1,roc-auc,accuracy,embeddings
0,0.19818274676799774,0.6535298228263855,0.257367342710495,svd
