,f1,roc-auc,accuracy,embeddings
0,0.3512442409992218,0.8032795190811157,0.8193441033363342,svd
1,0.35346662998199463,0.8017889261245728,0.8168429732322693,neural
