,f1,roc-auc,accuracy,embeddings
0,0.2900244891643524,0.7221584320068359,0.8677485585212708,svd
1,0.2826697528362274,0.7247382402420044,0.872235894203186,neural
