,f1,roc-auc,accuracy,embeddings
0,0.25740760564804077,0.6717606782913208,0.8898255228996277,svd
1,0.2832934558391571,0.7295330166816711,0.8913815021514893,neural
