,f1,roc-auc,accuracy,embeddings
0,0.2900015711784363,0.7221590876579285,0.8677338361740112,svd
1,0.3075791895389557,0.7232366800308228,0.8475775718688965,neural
