,f1,roc-auc,accuracy,embeddings
0,0.2496993988752365,0.6724574565887451,0.8900908827781677,svd
1,0.2975952625274658,0.7197078466415405,0.8606613874435425,neural
