,f1,roc-auc,accuracy,embeddings
0,0.27275076508522034,0.6777620911598206,0.8712387084960938,svd
1,0.3010770082473755,0.7317829132080078,0.8684338927268982,neural
