,f1,roc-auc,accuracy,embeddings
0,0.2900244891643524,0.7221591472625732,0.8677485585212708,svd
1,0.29369282722473145,0.723408579826355,0.8704997897148132,neural
