,f1,roc-auc,accuracy,embeddings
0,0.2525370121002197,0.6689162850379944,0.8647623658180237,svd
1,0.30296483635902405,0.7223894000053406,0.8057520389556885,neural
