,f1,roc-auc,accuracy,embeddings
0,0.1509116142988205,0.5619971752166748,0.8007857799530029,svd
1,0.12124565243721008,0.6218236684799194,0.8707630038261414,neural
