,f1,roc-auc,accuracy,embeddings
0,0.2618492543697357,0.6691310405731201,0.7733170390129089,svd
1,0.28954628109931946,0.7275290489196777,0.8617532253265381,neural
