,f1,roc-auc,accuracy,embeddings
0,0.26106712222099304,0.6371282339096069,0.8170861601829529,svd
1,0.2841204106807709,0.7038165926933289,0.7737552523612976,neural
