,f1,roc-auc,accuracy,embeddings
0,0.2693156599998474,0.6717542409896851,0.8693745732307434,svd
1,0.3120006322860718,0.745903491973877,0.870368480682373,neural
