,f1,roc-auc,accuracy,embeddings
0,0.27420467138290405,0.6685773134231567,0.8869282603263855,svd
1,0.3281979262828827,0.7401478290557861,0.8387473225593567,neural
