,f1,roc-auc,accuracy,embeddings
0,0.2555031478404999,0.6658096313476562,0.861826479434967,svd
1,0.3042147159576416,0.7317582964897156,0.7579264044761658,neural
