,f1,roc-auc,accuracy,embeddings
0,0.2793160676956177,0.6825573444366455,0.8320122361183167,svd
1,0.28005358576774597,0.7283613681793213,0.8881370425224304,neural
