,f1,roc-auc,accuracy,embeddings
0,0.26945412158966064,0.6775921583175659,0.8797659277915955,svd
1,0.29178470373153687,0.7233140468597412,0.8750165700912476,neural
