,f1,roc-auc,accuracy,embeddings
0,0.29749077558517456,0.6717571020126343,0.8635692000389099,svd
1,0.3064507246017456,0.7150951027870178,0.8126143217086792,neural
