,f1,roc-auc,accuracy,embeddings
0,0.28492647409439087,0.7120001316070557,0.8668367862701416,neural
1,0.30894482135772705,0.722627580165863,0.7992438077926636,svd
