,f1,roc-auc,accuracy,embeddings
0,0.2829486131668091,0.672834038734436,0.871525764465332,svd
1,0.3189221918582916,0.7330166101455688,0.8493796586990356,neural
