,f1,roc-auc,accuracy,embeddings
0,0.26123595237731934,0.6784681081771851,0.8594776391983032,svd
1,0.30816563963890076,0.7401562333106995,0.7385045886039734,neural
