,f1,roc-auc,accuracy,embeddings
0,0.2796464264392853,0.6795356273651123,0.8039552569389343,svd
1,0.33103862404823303,0.7439576983451843,0.8603473901748657,neural
