,f1,roc-auc,accuracy,embeddings
0,0.8805673122406006,0.9275979995727539,0.8476846814155579,neural
1,0.8837177157402039,0.924200177192688,0.8377221822738647,explicit
2,0.8661673069000244,0.8958429098129272,0.8224398493766785,svd
