,f1,roc-auc,accuracy,embeddings
0,0.8927726149559021,0.9337024688720703,0.859799325466156,neural
1,0.8560777902603149,0.8789182901382446,0.8020795583724976,explicit
2,0.8711815476417542,0.9170501828193665,0.8387861251831055,svd
