,f1,roc-auc,accuracy,embeddings
0,0.8746329545974731,0.9147974252700806,0.8430661559104919,explicit
1,0.8792568445205688,0.9178860187530518,0.8466207385063171,neural
2,0.8668753504753113,0.9077199697494507,0.835473358631134,svd
