,f1,roc-auc,accuracy,embeddings
0,0.8439434766769409,0.8632417321205139,0.7690001130104065,explicit
1,0.8802505135536194,0.9149665236473083,0.8372385501861572,neural
2,0.8462069630622864,0.8633173108100891,0.7899407744407654,svd
