,f1,roc-auc,accuracy,embeddings
0,0.8172116279602051,0.700459361076355,0.7258955240249634,neural
1,0.6874502301216125,0.4880240261554718,0.5643544793128967,explicit
2,0.8532692193984985,0.678790807723999,0.7497579455375671,svd
