,f1,roc-auc,accuracy,embeddings
0,0.8716825842857361,0.9025557041168213,0.8200701475143433,explicit
1,0.8794202208518982,0.9119160175323486,0.8366581797599792,neural
2,0.8509693741798401,0.8680275678634644,0.7905210852622986,svd
