,f1,roc-auc,accuracy,embeddings
0,0.8899422287940979,0.9298874139785767,0.853463888168335,neural
1,0.8879851698875427,0.9248820543289185,0.8481441140174866,explicit
2,0.8677878975868225,0.8996568322181702,0.8180872797966003,svd
