,f1,roc-auc,accuracy,embeddings
0,0.8857747316360474,0.9270635843276978,0.8486277461051941,neural
1,0.8851957321166992,0.928538978099823,0.8494982719421387,explicit
2,0.8844454884529114,0.9256356954574585,0.8475396037101746,svd
