,f1,roc-auc,accuracy,embeddings
0,0.75519198179245,0.7189496159553528,0.6533913612365723,svd
