,f1,roc-auc,accuracy,embeddings
0,0.8732416033744812,0.9116493463516235,0.8398500680923462,neural
1,0.8770338296890259,0.9156949520111084,0.844662070274353,explicit
2,0.8746371269226074,0.9154651165008545,0.8423165082931519,svd
