,f1,roc-auc,accuracy,embeddings
0,0.8957751989364624,0.9339135885238647,0.8654817938804626,neural
1,0.8911188840866089,0.927273154258728,0.8598960041999817,explicit
2,0.8746271729469299,0.9095966815948486,0.8312658667564392,svd
