,f1,roc-auc,accuracy,embeddings
0,0.8764793276786804,0.913644015789032,0.8314109444618225,explicit
1,0.885013997554779,0.9251147508621216,0.8427759408950806,neural
2,0.8486688733100891,0.8809521794319153,0.7818643450737,svd
