,f1,roc-auc,accuracy,embeddings
0,0.8779587149620056,0.9169459342956543,0.8465240001678467,neural
1,0.8722925782203674,0.9090635776519775,0.8393180966377258,explicit
2,0.8759620189666748,0.9170327186584473,0.8437190055847168,svd
