,f1,roc-auc,accuracy,embeddings
0,0.8818536996841431,0.9157841205596924,0.84785395860672,explicit
1,0.8836547136306763,0.9185827970504761,0.8478297591209412,neural
2,0.8675724267959595,0.908454179763794,0.8352557420730591,svd
