,f1,roc-auc,accuracy,embeddings
0,0.761080265045166,0.7169578075408936,0.659001350402832,svd
