,f1,roc-auc,accuracy,embeddings
0,0.8121477961540222,0.790030837059021,0.7202998399734497,neural
1,0.8469127416610718,0.8589910268783569,0.7865070700645447,explicit
2,0.8120675086975098,0.7820822596549988,0.7169628739356995,svd
