,f1,roc-auc,accuracy,embeddings
0,0.8838450908660889,0.9234388470649719,0.8453149795532227,explicit
1,0.8780350685119629,0.9239128828048706,0.8321363925933838,neural
2,0.8671431541442871,0.9013422131538391,0.8256075382232666,svd
