,f1,roc-auc,accuracy,embeddings
0,0.8895650506019592,0.9236644506454468,0.8534397482872009,explicit
1,0.8881390690803528,0.9230121374130249,0.8476846814155579,neural
2,0.8852632641792297,0.9212088584899902,0.8479748368263245,svd
