,f1,roc-auc,accuracy,embeddings
0,0.9045231342315674,0.9419890642166138,0.8710675835609436,neural
1,0.8531177043914795,0.8682429790496826,0.7922621369361877,explicit
2,0.8982214331626892,0.9391518831253052,0.8663281202316284,svd
