,f1,roc-auc,accuracy,embeddings
0,0.8503152132034302,0.8556020259857178,0.7887075543403625,explicit
1,0.8499237895011902,0.8511192798614502,0.7809696793556213,neural
2,0.8513104319572449,0.8599631786346436,0.7958650588989258,svd
