,f1,roc-auc,accuracy,embeddings
0,0.8745664358139038,0.9132413268089294,0.8373594284057617,neural
1,0.8764345645904541,0.9139516353607178,0.8370209336280823,explicit
2,0.87483149766922,0.9129375219345093,0.836077868938446,svd
