,f1,roc-auc,accuracy,embeddings
0,0.8925900459289551,0.9186960458755493,0.856220543384552,svd
