,f1,roc-auc,accuracy,embeddings
0,0.8818619847297668,0.9203313589096069,0.8476846814155579,neural
1,0.8854494690895081,0.9241049885749817,0.8523516058921814,explicit
2,0.8844479322433472,0.9224815368652344,0.8510941863059998,svd
