,f1,roc-auc,accuracy,embeddings
0,0.8557530045509338,0.8767022490501404,0.8078346252441406,neural
1,0.8542246222496033,0.8717648983001709,0.8036271333694458,explicit
2,0.8423891067504883,0.8588891625404358,0.790835440158844,svd
