,f1,roc-auc,accuracy,embeddings
0,0.884437084197998,0.9188379049301147,0.8517228960990906,explicit
1,0.8877638578414917,0.9230749607086182,0.8541893362998962,neural
2,0.8798442482948303,0.9140364527702332,0.8463063836097717,svd
