,f1,roc-auc,accuracy,embeddings
0,0.9179968237876892,0.9612069129943848,0.8951517343521118,neural
1,0.9175975918769836,0.9609028697013855,0.8938701748847961,explicit
2,0.9163030385971069,0.959532618522644,0.8919357061386108,svd
