,f1,roc-auc,accuracy,embeddings
0,0.880290150642395,0.9153916835784912,0.8459678292274475,explicit
1,0.8792200088500977,0.9193196296691895,0.8472252488136292,neural
2,0.867172360420227,0.9078233242034912,0.8340224623680115,svd
