,f1,roc-auc,accuracy,embeddings
0,0.8837183117866516,0.919224739074707,0.849667489528656,explicit
1,0.8864954710006714,0.9217913746833801,0.8509249091148376,neural
2,0.8821198344230652,0.9170651435852051,0.8482166528701782,svd
