,f1,roc-auc,accuracy,embeddings
0,0.8901472091674805,0.9326054453849792,0.8489421010017395,neural
1,0.8438208103179932,0.865922212600708,0.7666545510292053,explicit
2,0.8660346269607544,0.8985039591789246,0.824712872505188,svd
