,f1,roc-auc,accuracy,embeddings
0,0.7611088752746582,0.7190536260604858,0.6578406691551208,svd
