,f1,roc-auc,accuracy,embeddings
0,0.8474805355072021,0.8609005212783813,0.7927941083908081,explicit
1,0.8509754538536072,0.8594611883163452,0.7899891138076782,neural
2,0.844257652759552,0.8630051612854004,0.7929875254631042,svd
