,f1,roc-auc,accuracy,embeddings
0,0.8936657309532166,0.9260087013244629,0.8584935069084167,svd
1,0.935525,0.902031,0.869447,neural
2,0.931149,0.897426,0.864877,explicit