,f1,roc-auc,accuracy,embeddings
0,0.8737912178039551,0.9113825559616089,0.8396807909011841,neural
1,0.875389575958252,0.9150360822677612,0.8443477153778076,explicit
2,0.8791229724884033,0.9200347065925598,0.8482891917228699,svd
